{
  "project_info": {
    "project_number": "207132401119",
    "project_id": "cardeal2",
    "storage_bucket": "cardeal2.appspot.com"
  },
  "client": [
    {
      "client_info": {
        "mobilesdk_app_id": "1:207132401119:android:2351977ce904136933786a",
        "android_client_info": {
          "package_name": "ilham.project.cardeal"
        }
      },
      "oauth_client": [
        {
          "client_id": "207132401119-ufvkpjhtrgj29dt82pc1c66cmnl6ajg2.apps.googleusercontent.com",
          "client_type": 3
        }
      ],
      "api_key": [
        {
          "current_key": "AIzaSyDbWWJ0IP2WR_zs4cUg3sm_RnjVoVlBuyU"
        }
      ],
      "services": {
        "appinvite_service": {
          "other_platform_oauth_client": [
            {
              "client_id": "207132401119-ufvkpjhtrgj29dt82pc1c66cmnl6ajg2.apps.googleusercontent.com",
              "client_type": 3
            }
          ]
        }
      }
    }
  ],
  "configuration_version": "1"
}